Incumbent,BestBd,Gap,Time,final_improvement_time,final_improvement_gap
-384799.1386066736,1.0000000000000002,1.0000025987584162,0.07336711883544922,0.07336711883544922,1.0000025987584162
