Incumbent,BestBd,Gap,Time,final_improvement_time,final_improvement_gap
-384799.1386066736,1.0000000000000002,1.0000025987584162,0.09949493408203125,0.09949493408203125,1.0000025987584162
